cav_rate,model,scenario,total_vehicles,avg_travel_time,avg_delay,lc_cnt,collisions,max_queue,jerk_p95,jerk_comfort_violation_rate,delay_gini
0,Game (Ours),Game_Ours_1200pcu_h,79,120.38,6.31,0,0,15,0.0,0.0,0.5297
0,Game (Ours),Game_Ours_1200pcu_h,81,118.45,5.58,0,2,12,0.0,0.0,0.5518
0,Game (Ours),Game_Ours_1200pcu_h,81,122.32,8.45,0,0,12,0.0,0.0,0.59
0,Game (Ours),Game_Ours_2000pcu_h,136,127.76,14.76,0,0,27,0.0,0.0,0.6062
0,Game (Ours),Game_Ours_2000pcu_h,121,126.65,14.45,0,0,24,0.0,0.0,0.6222
0,Game (Ours),Game_Ours_2000pcu_h,118,128.71,16.09,0,0,29,0.0,0.0,0.6565
0,Game (Ours),Game_Ours_2800pcu_h,175,131.92,19.17,0,0,36,0.0,0.0,0.5482
0,Game (Ours),Game_Ours_2800pcu_h,164,136.04,23.57,0,0,34,0.0,0.0,0.4884
0,Game (Ours),Game_Ours_2800pcu_h,170,136.33,23.49,0,0,38,0.0,0.0,0.6155
0,Game (Ours),Game_Ours_3600pcu_h,221,134.82,21.95,0,0,44,0.0,0.0,0.5621
0,Game (Ours),Game_Ours_3600pcu_h,227,141.03,29.25,0,2,45,0.0,0.0,0.5224
0,Game (Ours),Game_Ours_3600pcu_h,222,136.11,23.16,0,0,43,0.0,0.0,0.4943
0,SUMO Default,SUMO_Default_1200pcu_h,61,149.45,20.0,0,0,10,16.6595,0.5673,0.6792
0,SUMO Default,SUMO_Default_1200pcu_h,61,149.45,20.0,0,0,10,16.6595,0.5673,0.6792
0,SUMO Default,SUMO_Default_1200pcu_h,61,149.45,20.0,0,0,10,16.6595,0.5673,0.6792
0,SUMO Default,SUMO_Default_2000pcu_h,35,138.83,9.75,0,0,54,14.9422,0.2971,0.7567
0,SUMO Default,SUMO_Default_2000pcu_h,35,138.83,9.75,0,0,54,14.9422,0.2971,0.7567
0,SUMO Default,SUMO_Default_2000pcu_h,35,138.83,9.75,0,0,54,14.9422,0.2971,0.7567
0,SUMO Default,SUMO_Default_2800pcu_h,41,137.69,9.42,0,2,72,14.9571,0.2672,0.5166
0,SUMO Default,SUMO_Default_2800pcu_h,41,137.69,9.42,0,2,72,14.9571,0.2672,0.5166
0,SUMO Default,SUMO_Default_2800pcu_h,41,137.69,9.42,0,2,72,14.9571,0.2672,0.5166
0,SUMO Default,SUMO_Default_3600pcu_h,57,161.82,33.95,0,0,92,16.5645,0.2957,0.4053
0,SUMO Default,SUMO_Default_3600pcu_h,57,161.82,33.95,0,0,92,16.5645,0.2957,0.4053
0,SUMO Default,SUMO_Default_3600pcu_h,57,161.82,33.95,0,0,92,16.5645,0.2957,0.4053
0,Rule-Based,Rule-Based_1200pcu_h,2,126.15,-0.46,0,2,42,10.383,0.1411,0.0
0,Rule-Based,Rule-Based_1200pcu_h,2,126.15,-0.46,0,2,42,10.383,0.1411,0.0
0,Rule-Based,Rule-Based_1200pcu_h,2,126.15,-0.46,0,2,42,10.383,0.1411,0.0
0,Rule-Based,Rule-Based_2000pcu_h,1,117.5,-0.51,0,2,69,11.3588,0.1557,0.0
0,Rule-Based,Rule-Based_2000pcu_h,1,117.5,-0.51,0,2,69,11.3588,0.1557,0.0
0,Rule-Based,Rule-Based_2000pcu_h,1,117.5,-0.51,0,2,69,11.3588,0.1557,0.0
0,Rule-Based,Rule-Based_2800pcu_h,1,117.5,-0.5,0,2,89,11.212,0.137,0.0
0,Rule-Based,Rule-Based_2800pcu_h,1,117.5,-0.5,0,2,89,11.212,0.137,0.0
0,Rule-Based,Rule-Based_2800pcu_h,1,117.5,-0.5,0,2,89,11.212,0.137,0.0
0,Rule-Based,Rule-Based_3600pcu_h,1,117.5,-0.53,0,2,117,11.2192,0.1373,0.0
0,Rule-Based,Rule-Based_3600pcu_h,1,117.5,-0.53,0,2,117,11.2192,0.1373,0.0
0,Rule-Based,Rule-Based_3600pcu_h,1,117.5,-0.53,0,2,117,11.2192,0.1373,0.0
0,No-V2X,No-V2X_1200pcu_h,79,120.38,6.31,0,0,15,0.0,0.0,0.5297
0,No-V2X,No-V2X_1200pcu_h,81,118.45,5.58,0,2,12,0.0,0.0,0.5518
0,No-V2X,No-V2X_1200pcu_h,81,122.32,8.45,0,0,12,0.0,0.0,0.59
0,No-V2X,No-V2X_2000pcu_h,136,127.76,14.76,0,0,27,0.0,0.0,0.6062
0,No-V2X,No-V2X_2000pcu_h,121,126.65,14.45,0,0,24,0.0,0.0,0.6222
0,No-V2X,No-V2X_2000pcu_h,118,128.71,16.09,0,0,29,0.0,0.0,0.6565
0,No-V2X,No-V2X_2800pcu_h,175,131.92,19.17,0,0,36,0.0,0.0,0.5482
0,No-V2X,No-V2X_2800pcu_h,164,136.04,23.57,0,0,34,0.0,0.0,0.4884
0,No-V2X,No-V2X_2800pcu_h,170,136.33,23.49,0,0,38,0.0,0.0,0.6155
0,No-V2X,No-V2X_3600pcu_h,221,134.82,21.95,0,0,44,0.0,0.0,0.5621
0,No-V2X,No-V2X_3600pcu_h,227,141.03,29.25,0,2,45,0.0,0.0,0.5224
0,No-V2X,No-V2X_3600pcu_h,222,136.11,23.16,0,0,43,0.0,0.0,0.4943
0,DRL (PPO),DRL_PPO_1200pcu_h,79,120.38,6.31,0,0,15,0.0,0.0,0.5297
0,DRL (PPO),DRL_PPO_1200pcu_h,81,118.45,5.58,0,2,12,0.0,0.0,0.5518
0,DRL (PPO),DRL_PPO_1200pcu_h,81,122.32,8.45,0,0,12,0.0,0.0,0.59
0,DRL (PPO),DRL_PPO_2000pcu_h,136,127.76,14.76,0,0,27,0.0,0.0,0.6062
0,DRL (PPO),DRL_PPO_2000pcu_h,121,126.65,14.45,0,0,24,0.0,0.0,0.6222
0,DRL (PPO),DRL_PPO_2000pcu_h,118,128.71,16.09,0,0,29,0.0,0.0,0.6565
0,DRL (PPO),DRL_PPO_2800pcu_h,175,131.92,19.17,0,0,36,0.0,0.0,0.5482
0,DRL (PPO),DRL_PPO_2800pcu_h,164,136.04,23.57,0,0,34,0.0,0.0,0.4884
0,DRL (PPO),DRL_PPO_2800pcu_h,170,136.33,23.49,0,0,38,0.0,0.0,0.6155
0,DRL (PPO),DRL_PPO_3600pcu_h,221,134.82,21.95,0,0,44,0.0,0.0,0.5621
0,DRL (PPO),DRL_PPO_3600pcu_h,227,141.03,29.25,0,2,45,0.0,0.0,0.5224
0,DRL (PPO),DRL_PPO_3600pcu_h,222,136.11,23.16,0,0,43,0.0,0.0,0.4943
10,Game (Ours),Game_Ours_1200pcu_h,80,123.59,7.98,5,0,12,0.0,0.0,0.5571
10,Game (Ours),Game_Ours_1200pcu_h,81,123.46,9.42,2,0,15,0.0,0.0,0.5657
10,Game (Ours),Game_Ours_1200pcu_h,79,121.94,6.51,7,0,12,0.0,0.0,0.494
10,Game (Ours),Game_Ours_2000pcu_h,130,130.58,16.21,8,0,25,0.0,0.0,0.5491
10,Game (Ours),Game_Ours_2000pcu_h,133,128.34,14.74,7,0,23,0.0,0.0,0.537
10,Game (Ours),Game_Ours_2000pcu_h,121,129.95,15.06,19,0,27,0.0,0.0,0.5404
10,Game (Ours),Game_Ours_2800pcu_h,165,140.92,26.42,17,0,33,0.0,0.0,0.466
10,Game (Ours),Game_Ours_2800pcu_h,153,138.54,24.81,2,0,38,0.0,0.0,0.4266
10,Game (Ours),Game_Ours_2800pcu_h,171,140.05,25.56,11,0,33,0.0,0.0,0.4354
10,Game (Ours),Game_Ours_3600pcu_h,197,146.47,31.88,12,0,55,0.0,0.0,0.5174
10,Game (Ours),Game_Ours_3600pcu_h,221,146.94,33.53,11,0,43,0.0,0.0,0.391
10,Game (Ours),Game_Ours_3600pcu_h,222,143.81,29.54,11,0,43,0.0,0.0,0.4145
10,SUMO Default,SUMO_Default_1200pcu_h,61,149.45,20.0,0,0,10,16.6595,0.5673,0.6792
10,SUMO Default,SUMO_Default_1200pcu_h,61,149.45,20.0,0,0,10,16.6595,0.5673,0.6792
10,SUMO Default,SUMO_Default_1200pcu_h,61,149.45,20.0,0,0,10,16.6595,0.5673,0.6792
10,SUMO Default,SUMO_Default_2000pcu_h,35,138.83,9.75,0,0,54,14.9422,0.2971,0.7567
10,SUMO Default,SUMO_Default_2000pcu_h,35,138.83,9.75,0,0,54,14.9422,0.2971,0.7567
10,SUMO Default,SUMO_Default_2000pcu_h,35,138.83,9.75,0,0,54,14.9422,0.2971,0.7567
10,SUMO Default,SUMO_Default_2800pcu_h,41,137.69,9.42,0,2,72,14.9571,0.2672,0.5166
10,SUMO Default,SUMO_Default_2800pcu_h,41,137.69,9.42,0,2,72,14.9571,0.2672,0.5166
10,SUMO Default,SUMO_Default_2800pcu_h,41,137.69,9.42,0,2,72,14.9571,0.2672,0.5166
10,SUMO Default,SUMO_Default_3600pcu_h,57,161.82,33.95,0,0,92,16.5645,0.2957,0.4053
10,SUMO Default,SUMO_Default_3600pcu_h,57,161.82,33.95,0,0,92,16.5645,0.2957,0.4053
10,SUMO Default,SUMO_Default_3600pcu_h,57,161.82,33.95,0,0,92,16.5645,0.2957,0.4053
10,Rule-Based,Rule-Based_1200pcu_h,2,109.2,-0.27,4,2,35,11.525,0.1381,0.0
10,Rule-Based,Rule-Based_1200pcu_h,2,109.2,-0.27,4,2,35,11.525,0.1381,0.0
10,Rule-Based,Rule-Based_1200pcu_h,2,109.2,-0.27,4,2,35,11.525,0.1381,0.0
10,Rule-Based,Rule-Based_2000pcu_h,2,109.2,-0.28,6,4,56,9.1963,0.1368,0.0
10,Rule-Based,Rule-Based_2000pcu_h,2,109.2,-0.28,6,4,56,8.806,0.1239,0.0
10,Rule-Based,Rule-Based_2000pcu_h,2,109.2,-0.28,6,4,56,8.7792,0.1243,0.0
10,Rule-Based,Rule-Based_2800pcu_h,2,109.2,-0.28,0,4,86,10.5689,0.1268,0.0
10,Rule-Based,Rule-Based_2800pcu_h,2,109.2,-0.27,10,2,78,10.0264,0.1253,0.0
10,Rule-Based,Rule-Based_2800pcu_h,2,109.2,-0.27,8,2,78,10.6341,0.127,0.0
10,Rule-Based,Rule-Based_3600pcu_h,2,109.2,-0.27,0,4,108,12.1721,0.1593,0.0
10,Rule-Based,Rule-Based_3600pcu_h,2,109.2,-0.28,18,4,100,11.8337,0.1393,0.0
10,Rule-Based,Rule-Based_3600pcu_h,2,109.2,-0.28,13,4,100,12.3805,0.151,0.0
10,No-V2X,No-V2X_1200pcu_h,78,123.66,7.91,5,0,13,0.0,0.0,0.5519
10,No-V2X,No-V2X_1200pcu_h,82,123.55,9.35,2,0,15,0.0,0.0,0.5664
10,No-V2X,No-V2X_1200pcu_h,80,123.32,7.87,3,0,12,0.0,0.0,0.5085
10,No-V2X,No-V2X_2000pcu_h,130,131.2,16.8,13,0,28,0.0,0.0,0.586
10,No-V2X,No-V2X_2000pcu_h,132,127.54,14.01,5,0,23,0.0,0.0,0.5151
10,No-V2X,No-V2X_2000pcu_h,123,133.4,18.71,7,0,25,0.0,0.0,0.504
10,No-V2X,No-V2X_2800pcu_h,167,140.14,25.69,7,0,32,0.0,0.0,0.4396
10,No-V2X,No-V2X_2800pcu_h,171,138.77,25.26,2,0,34,0.0,0.0,0.4303
10,No-V2X,No-V2X_2800pcu_h,169,137.87,23.57,12,0,32,0.0,0.0,0.4319
10,No-V2X,No-V2X_3600pcu_h,209,138.24,23.71,14,0,42,0.0,0.0,0.4257
10,No-V2X,No-V2X_3600pcu_h,224,140.08,26.73,6,0,42,0.0,0.0,0.4396
10,No-V2X,No-V2X_3600pcu_h,206,145.31,31.27,17,0,52,0.0,0.0,0.4284
10,DRL (PPO),DRL_PPO_1200pcu_h,80,122.24,6.63,4,0,13,0.0,0.0,0.5728
10,DRL (PPO),DRL_PPO_1200pcu_h,82,123.55,9.34,2,0,15,0.0,0.0,0.5667
10,DRL (PPO),DRL_PPO_1200pcu_h,79,123.39,7.96,6,0,12,0.0,0.0,0.5081
10,DRL (PPO),DRL_PPO_2000pcu_h,130,127.47,13.28,9,0,27,0.0,0.0,0.5638
10,DRL (PPO),DRL_PPO_2000pcu_h,133,127.25,13.83,2,0,23,0.0,0.0,0.5394
10,DRL (PPO),DRL_PPO_2000pcu_h,117,134.33,19.61,10,0,30,0.0,0.0,0.4978
10,DRL (PPO),DRL_PPO_2800pcu_h,173,137.7,23.32,5,0,33,0.0,0.0,0.5006
10,DRL (PPO),DRL_PPO_2800pcu_h,170,137.43,23.92,2,0,34,0.0,0.0,0.4627
10,DRL (PPO),DRL_PPO_2800pcu_h,165,141.32,26.88,8,0,33,0.0,0.0,0.4896
10,DRL (PPO),DRL_PPO_3600pcu_h,213,141.43,27.08,9,0,45,0.0,0.0,0.5038
10,DRL (PPO),DRL_PPO_3600pcu_h,215,142.0,28.51,3,0,41,0.0,0.0,0.3744
10,DRL (PPO),DRL_PPO_3600pcu_h,222,144.08,29.91,9,0,42,0.0,0.0,0.4298
30,Game (Ours),Game_Ours_1200pcu_h,79,128.27,8.98,18,0,12,0.0,0.0,0.6194
30,Game (Ours),Game_Ours_1200pcu_h,76,126.9,9.0,10,0,11,0.0,0.0,0.5507
30,Game (Ours),Game_Ours_1200pcu_h,78,125.44,7.52,7,0,11,0.0,0.0,0.5488
30,Game (Ours),Game_Ours_2000pcu_h,121,131.34,12.85,12,0,24,0.0,0.0,0.518
30,Game (Ours),Game_Ours_2000pcu_h,125,134.36,16.84,29,0,22,0.0,0.0,0.5042
30,Game (Ours),Game_Ours_2000pcu_h,126,137.23,19.0,19,0,21,0.0,0.0,0.4755
30,Game (Ours),Game_Ours_2800pcu_h,169,140.33,22.33,31,0,28,0.0,0.0,0.4705
30,Game (Ours),Game_Ours_2800pcu_h,171,138.09,20.73,28,0,32,0.0,0.0,0.5111
30,Game (Ours),Game_Ours_2800pcu_h,166,142.17,24.14,23,0,28,0.0,0.0,0.4334
30,Game (Ours),Game_Ours_3600pcu_h,210,146.22,27.92,44,0,44,0.0,0.0,0.4035
30,Game (Ours),Game_Ours_3600pcu_h,209,145.31,27.9,46,0,43,0.0,0.0,0.4603
30,Game (Ours),Game_Ours_3600pcu_h,208,155.71,37.8,43,2,43,0.0,0.0,0.4146
30,SUMO Default,SUMO_Default_1200pcu_h,61,149.45,20.0,0,0,10,16.6595,0.5673,0.6792
30,SUMO Default,SUMO_Default_1200pcu_h,61,149.45,20.0,0,0,10,16.6595,0.5673,0.6792
30,SUMO Default,SUMO_Default_1200pcu_h,61,149.45,20.0,0,0,10,16.6595,0.5673,0.6792
30,SUMO Default,SUMO_Default_2000pcu_h,35,138.83,9.75,0,0,54,14.9422,0.2971,0.7567
30,SUMO Default,SUMO_Default_2000pcu_h,35,138.83,9.75,0,0,54,14.9422,0.2971,0.7567
30,SUMO Default,SUMO_Default_2000pcu_h,35,138.83,9.75,0,0,54,14.9422,0.2971,0.7567
30,SUMO Default,SUMO_Default_2800pcu_h,41,137.69,9.42,0,2,72,14.9571,0.2672,0.5166
30,SUMO Default,SUMO_Default_2800pcu_h,41,137.69,9.42,0,2,72,14.9571,0.2672,0.5166
30,SUMO Default,SUMO_Default_2800pcu_h,41,137.69,9.42,0,2,72,14.9571,0.2672,0.5166
30,SUMO Default,SUMO_Default_3600pcu_h,57,161.82,33.95,0,0,92,16.5645,0.2957,0.4053
30,SUMO Default,SUMO_Default_3600pcu_h,57,161.82,33.95,0,0,92,16.5645,0.2957,0.4053
30,SUMO Default,SUMO_Default_3600pcu_h,57,161.82,33.95,0,0,92,16.5645,0.2957,0.4053
30,Rule-Based,Rule-Based_1200pcu_h,2,109.2,-0.27,8,2,28,7.9812,0.1095,0.0
30,Rule-Based,Rule-Based_1200pcu_h,2,109.2,-0.27,8,2,28,7.8591,0.1125,0.0
30,Rule-Based,Rule-Based_1200pcu_h,2,109.2,-0.27,8,2,28,8.4958,0.1143,0.0
30,Rule-Based,Rule-Based_2000pcu_h,3,113.17,-0.4,26,4,45,9.716,0.1254,0.0
30,Rule-Based,Rule-Based_2000pcu_h,3,113.17,-0.4,26,4,45,10.7747,0.1461,0.0
30,Rule-Based,Rule-Based_2000pcu_h,3,113.17,-0.39,28,4,45,10.8557,0.1411,0.0
30,Rule-Based,Rule-Based_2800pcu_h,2,109.2,-0.28,0,6,92,9.401,0.1219,0.0
30,Rule-Based,Rule-Based_2800pcu_h,2,109.2,-0.28,29,4,68,9.6832,0.1179,0.0
30,Rule-Based,Rule-Based_2800pcu_h,2,109.2,-0.28,32,4,69,9.0691,0.1224,0.0
30,Rule-Based,Rule-Based_3600pcu_h,3,112.03,-0.41,37,4,83,10.9916,0.1319,0.0
30,Rule-Based,Rule-Based_3600pcu_h,3,112.03,-0.41,30,4,83,10.2753,0.1312,0.0
30,Rule-Based,Rule-Based_3600pcu_h,3,112.03,-0.41,38,4,83,11.6391,0.1367,0.0
30,No-V2X,No-V2X_1200pcu_h,79,127.7,8.4,13,0,12,0.0,0.0,0.528
30,No-V2X,No-V2X_1200pcu_h,78,127.23,9.66,9,0,11,0.0,0.0,0.5719
30,No-V2X,No-V2X_1200pcu_h,78,125.28,7.36,8,0,12,0.0,0.0,0.5496
30,No-V2X,No-V2X_2000pcu_h,121,132.04,13.55,11,0,24,0.0,0.0,0.5408
30,No-V2X,No-V2X_2000pcu_h,127,130.17,12.87,23,0,21,0.0,0.0,0.465
30,No-V2X,No-V2X_2000pcu_h,125,139.71,21.33,20,0,20,0.0,0.0,0.4839
30,No-V2X,No-V2X_2800pcu_h,170,139.1,20.99,21,0,28,0.0,0.0,0.461
30,No-V2X,No-V2X_2800pcu_h,173,138.81,21.53,26,0,31,0.0,0.0,0.4277
30,No-V2X,No-V2X_2800pcu_h,165,140.54,22.57,18,0,32,0.0,0.0,0.4618
30,No-V2X,No-V2X_3600pcu_h,209,145.53,27.4,47,0,44,0.0,0.0,0.4227
30,No-V2X,No-V2X_3600pcu_h,213,144.32,27.12,35,0,43,0.0,0.0,0.4587
30,No-V2X,No-V2X_3600pcu_h,204,152.38,34.61,40,4,42,0.0,0.0,0.4373
30,DRL (PPO),DRL_PPO_1200pcu_h,79,126.98,7.69,9,0,11,0.0,0.0,0.5273
30,DRL (PPO),DRL_PPO_1200pcu_h,79,125.23,7.68,11,0,11,0.0,0.0,0.5218
30,DRL (PPO),DRL_PPO_1200pcu_h,77,125.85,8.06,6,0,12,0.0,0.0,0.5501
30,DRL (PPO),DRL_PPO_2000pcu_h,122,132.24,13.78,11,0,24,0.0,0.0,0.4713
30,DRL (PPO),DRL_PPO_2000pcu_h,128,129.73,12.24,17,0,19,0.0,0.0,0.5007
30,DRL (PPO),DRL_PPO_2000pcu_h,127,136.2,18.0,15,0,21,0.0,0.0,0.4545
30,DRL (PPO),DRL_PPO_2800pcu_h,170,139.02,21.21,17,0,32,0.0,0.0,0.4636
30,DRL (PPO),DRL_PPO_2800pcu_h,171,139.68,22.24,15,0,31,0.0,0.0,0.4379
30,DRL (PPO),DRL_PPO_2800pcu_h,160,144.69,26.76,15,0,34,0.0,0.0,0.4256
30,DRL (PPO),DRL_PPO_3600pcu_h,200,145.94,28.02,29,0,44,0.0,0.0,0.4148
30,DRL (PPO),DRL_PPO_3600pcu_h,216,143.48,26.28,18,0,42,0.0,0.0,0.4122
30,DRL (PPO),DRL_PPO_3600pcu_h,196,155.29,38.32,33,6,44,0.0,0.0,0.417
50,Game (Ours),Game_Ours_1200pcu_h,79,128.75,6.15,21,0,11,0.0,0.0,0.6123
50,Game (Ours),Game_Ours_1200pcu_h,76,127.66,6.42,23,0,12,0.0,0.0,0.6026
50,Game (Ours),Game_Ours_1200pcu_h,74,131.32,8.68,18,0,12,0.0,0.0,0.7125
50,Game (Ours),Game_Ours_2000pcu_h,123,140.05,18.06,28,0,23,0.0,0.0,0.5804
50,Game (Ours),Game_Ours_2000pcu_h,124,135.8,14.8,33,0,19,0.0,0.0,0.5701
50,Game (Ours),Game_Ours_2000pcu_h,121,135.08,12.89,21,0,18,0.0,0.0,0.5489
50,Game (Ours),Game_Ours_2800pcu_h,163,140.8,19.25,42,0,31,0.0,0.0,0.5283
50,Game (Ours),Game_Ours_2800pcu_h,172,141.61,20.56,37,0,27,0.0,0.0,0.4645
50,Game (Ours),Game_Ours_2800pcu_h,169,143.74,22.34,37,0,31,0.0,0.0,0.5577
50,Game (Ours),Game_Ours_3600pcu_h,215,145.53,24.09,92,0,37,0.0,0.0,0.4266
50,Game (Ours),Game_Ours_3600pcu_h,213,146.55,25.58,78,0,41,0.0,0.0,0.5268
50,Game (Ours),Game_Ours_3600pcu_h,204,142.33,21.38,50,0,39,0.0,0.0,0.4925
50,SUMO Default,SUMO_Default_1200pcu_h,61,149.45,20.0,0,0,10,16.6595,0.5673,0.6792
50,SUMO Default,SUMO_Default_1200pcu_h,61,149.45,20.0,0,0,10,16.6595,0.5673,0.6792
50,SUMO Default,SUMO_Default_1200pcu_h,61,149.45,20.0,0,0,10,16.6595,0.5673,0.6792
50,SUMO Default,SUMO_Default_2000pcu_h,35,138.83,9.75,0,0,54,14.9422,0.2971,0.7567
50,SUMO Default,SUMO_Default_2000pcu_h,35,138.83,9.75,0,0,54,14.9422,0.2971,0.7567
50,SUMO Default,SUMO_Default_2000pcu_h,35,138.83,9.75,0,0,54,14.9422,0.2971,0.7567
50,SUMO Default,SUMO_Default_2800pcu_h,41,137.69,9.42,0,2,72,14.9571,0.2672,0.5166
50,SUMO Default,SUMO_Default_2800pcu_h,41,137.69,9.42,0,2,72,14.9571,0.2672,0.5166
50,SUMO Default,SUMO_Default_2800pcu_h,41,137.69,9.42,0,2,72,14.9571,0.2672,0.5166
50,SUMO Default,SUMO_Default_3600pcu_h,57,161.82,33.95,0,0,92,16.5645,0.2957,0.4053
50,SUMO Default,SUMO_Default_3600pcu_h,57,161.82,33.95,0,0,92,16.5645,0.2957,0.4053
50,SUMO Default,SUMO_Default_3600pcu_h,57,161.82,33.95,0,0,92,16.5645,0.2957,0.4053
50,Rule-Based,Rule-Based_1200pcu_h,2,109.2,-0.28,24,2,21,6.4738,0.0911,0.0
50,Rule-Based,Rule-Based_1200pcu_h,2,109.2,-0.28,24,2,21,6.7613,0.0935,0.0
50,Rule-Based,Rule-Based_1200pcu_h,2,109.2,-0.28,24,2,21,6.4041,0.0881,0.0
50,Rule-Based,Rule-Based_2000pcu_h,3,118.2,-0.35,45,2,41,6.5233,0.0918,0.0
50,Rule-Based,Rule-Based_2000pcu_h,3,118.2,-0.35,46,2,41,6.5751,0.09,0.0
50,Rule-Based,Rule-Based_2000pcu_h,3,118.2,-0.35,45,2,41,6.2841,0.0861,0.0
50,Rule-Based,Rule-Based_2800pcu_h,2,109.2,-0.27,0,4,90,9.0884,0.0934,0.0
50,Rule-Based,Rule-Based_2800pcu_h,2,109.2,-0.28,108,4,48,8.7145,0.0926,0.0
50,Rule-Based,Rule-Based_2800pcu_h,2,109.2,-0.28,109,4,49,8.3452,0.0834,0.0
50,Rule-Based,Rule-Based_3600pcu_h,2,109.2,-0.28,149,4,63,10.8939,0.1063,0.0
50,Rule-Based,Rule-Based_3600pcu_h,2,109.2,-0.28,143,4,63,9.6907,0.106,0.0
50,Rule-Based,Rule-Based_3600pcu_h,2,109.2,-0.28,168,4,63,9.4445,0.1062,0.0
50,No-V2X,No-V2X_1200pcu_h,79,128.91,6.32,16,0,13,0.0,0.0,0.6145
50,No-V2X,No-V2X_1200pcu_h,77,128.59,7.4,13,0,14,0.0,0.0,0.6062
50,No-V2X,No-V2X_1200pcu_h,74,129.81,8.06,16,0,13,0.0,0.0,0.7199
50,No-V2X,No-V2X_2000pcu_h,127,138.99,17.36,28,0,19,0.0,0.0,0.5372
50,No-V2X,No-V2X_2000pcu_h,124,134.18,13.18,28,0,21,0.0,0.0,0.5647
50,No-V2X,No-V2X_2000pcu_h,121,136.74,14.55,24,0,19,0.0,0.0,0.5499
50,No-V2X,No-V2X_2800pcu_h,159,141.85,20.47,43,0,30,0.0,0.0,0.5642
50,No-V2X,No-V2X_2800pcu_h,168,140.68,19.49,36,0,28,0.0,0.0,0.4837
50,No-V2X,No-V2X_2800pcu_h,162,144.24,23.23,34,0,31,0.0,0.0,0.5037
50,No-V2X,No-V2X_3600pcu_h,214,146.51,24.88,66,2,41,0.0,0.0,0.4137
50,No-V2X,No-V2X_3600pcu_h,213,145.94,25.01,54,2,41,0.0,0.0,0.5025
50,No-V2X,No-V2X_3600pcu_h,214,147.09,25.82,50,0,40,0.0,0.0,0.4691
50,DRL (PPO),DRL_PPO_1200pcu_h,79,129.52,6.93,19,0,12,0.0,0.0,0.6079
50,DRL (PPO),DRL_PPO_1200pcu_h,77,127.5,6.31,14,0,12,0.0,0.0,0.6117
50,DRL (PPO),DRL_PPO_1200pcu_h,75,132.01,10.49,17,0,12,0.0,0.0,0.6756
50,DRL (PPO),DRL_PPO_2000pcu_h,127,137.81,16.27,16,0,19,0.0,0.0,0.4719
50,DRL (PPO),DRL_PPO_2000pcu_h,128,131.39,10.24,24,0,20,0.0,0.0,0.5241
50,DRL (PPO),DRL_PPO_2000pcu_h,115,138.65,16.83,18,0,21,0.0,0.0,0.5303
50,DRL (PPO),DRL_PPO_2800pcu_h,165,142.71,21.53,31,0,31,0.0,0.0,0.5546
50,DRL (PPO),DRL_PPO_2800pcu_h,164,140.54,19.51,30,0,31,0.0,0.0,0.4417
50,DRL (PPO),DRL_PPO_2800pcu_h,157,145.15,24.01,29,0,33,0.0,0.0,0.4765
50,DRL (PPO),DRL_PPO_3600pcu_h,205,145.9,24.45,39,0,47,0.0,0.0,0.4282
50,DRL (PPO),DRL_PPO_3600pcu_h,209,144.62,23.9,35,2,40,0.0,0.0,0.4871
50,DRL (PPO),DRL_PPO_3600pcu_h,196,148.67,28.03,44,2,39,0.0,0.0,0.4055
70,Game (Ours),Game_Ours_1200pcu_h,76,134.19,7.6,24,0,11,0.0,0.0,0.6626
70,Game (Ours),Game_Ours_1200pcu_h,77,128.57,3.83,31,0,9,0.0,0.0,0.693
70,Game (Ours),Game_Ours_1200pcu_h,78,132.84,7.42,26,0,9,0.0,0.0,0.6936
70,Game (Ours),Game_Ours_2000pcu_h,127,135.7,10.78,47,0,18,0.0,0.0,0.5642
70,Game (Ours),Game_Ours_2000pcu_h,125,134.5,10.02,71,0,18,0.0,0.0,0.5755
70,Game (Ours),Game_Ours_2000pcu_h,117,134.89,9.74,47,0,17,0.0,0.0,0.6111
70,Game (Ours),Game_Ours_2800pcu_h,161,139.94,15.05,75,0,23,0.0,0.0,0.5209
70,Game (Ours),Game_Ours_2800pcu_h,168,141.75,17.45,81,0,25,0.0,0.0,0.5018
70,Game (Ours),Game_Ours_2800pcu_h,166,142.42,17.31,77,0,31,0.0,0.0,0.6094
70,Game (Ours),Game_Ours_3600pcu_h,214,151.34,26.2,106,0,33,0.0,0.0,0.3934
70,Game (Ours),Game_Ours_3600pcu_h,213,142.03,17.58,110,2,31,0.0,0.0,0.516
70,Game (Ours),Game_Ours_3600pcu_h,204,155.13,30.33,117,0,35,0.0,0.0,0.4342
70,SUMO Default,SUMO_Default_1200pcu_h,61,149.45,20.0,0,0,10,16.6595,0.5673,0.6792
70,SUMO Default,SUMO_Default_1200pcu_h,61,149.45,20.0,0,0,10,16.6595,0.5673,0.6792
70,SUMO Default,SUMO_Default_1200pcu_h,61,149.45,20.0,0,0,10,16.6595,0.5673,0.6792
70,SUMO Default,SUMO_Default_2000pcu_h,35,138.83,9.75,0,0,54,14.9422,0.2971,0.7567
70,SUMO Default,SUMO_Default_2000pcu_h,35,138.83,9.75,0,0,54,14.9422,0.2971,0.7567
70,SUMO Default,SUMO_Default_2000pcu_h,35,138.83,9.75,0,0,54,14.9422,0.2971,0.7567
70,SUMO Default,SUMO_Default_2800pcu_h,41,137.69,9.42,0,2,72,14.9571,0.2672,0.5166
70,SUMO Default,SUMO_Default_2800pcu_h,41,137.69,9.42,0,2,72,14.9571,0.2672,0.5166
70,SUMO Default,SUMO_Default_2800pcu_h,41,137.69,9.42,0,2,72,14.9571,0.2672,0.5166
70,SUMO Default,SUMO_Default_3600pcu_h,57,161.82,33.95,0,0,92,16.5645,0.2957,0.4053
70,SUMO Default,SUMO_Default_3600pcu_h,57,161.82,33.95,0,0,92,16.5645,0.2957,0.4053
70,SUMO Default,SUMO_Default_3600pcu_h,57,161.82,33.95,0,0,92,16.5645,0.2957,0.4053
70,Rule-Based,Rule-Based_1200pcu_h,3,118.2,-0.36,35,2,17,5.4021,0.0637,0.0
70,Rule-Based,Rule-Based_1200pcu_h,3,118.2,-0.36,35,2,17,4.385,0.0542,0.0
70,Rule-Based,Rule-Based_1200pcu_h,3,118.2,-0.36,35,2,17,4.0984,0.0524,0.0
70,Rule-Based,Rule-Based_2000pcu_h,3,118.2,-0.35,95,2,24,5.9251,0.0675,0.0
70,Rule-Based,Rule-Based_2000pcu_h,3,118.2,-0.35,143,2,24,5.0915,0.0586,0.0
70,Rule-Based,Rule-Based_2000pcu_h,3,118.2,-0.35,108,2,24,5.2919,0.0621,0.0
70,Rule-Based,Rule-Based_2800pcu_h,3,118.2,-0.35,154,2,33,4.315,0.0564,0.0
70,Rule-Based,Rule-Based_2800pcu_h,3,118.2,-0.35,155,2,32,5.6793,0.0668,0.0
70,Rule-Based,Rule-Based_2800pcu_h,3,118.2,-0.35,148,2,32,5.3908,0.0645,0.0
70,Rule-Based,Rule-Based_3600pcu_h,3,118.2,-0.35,206,2,54,6.67,0.0893,0.0
70,Rule-Based,Rule-Based_3600pcu_h,3,118.2,-0.36,204,2,53,6.5164,0.0859,0.0
70,Rule-Based,Rule-Based_3600pcu_h,3,118.2,-0.35,207,2,53,5.5011,0.0724,0.0
70,No-V2X,No-V2X_1200pcu_h,77,132.52,6.21,21,0,10,0.0,0.0,0.6347
70,No-V2X,No-V2X_1200pcu_h,78,129.61,4.97,35,0,11,0.0,0.0,0.7397
70,No-V2X,No-V2X_1200pcu_h,78,133.27,8.05,22,0,11,0.0,0.0,0.6918
70,No-V2X,No-V2X_2000pcu_h,125,136.16,11.29,36,0,20,0.0,0.0,0.5413
70,No-V2X,No-V2X_2000pcu_h,126,135.77,11.31,61,0,22,0.0,0.0,0.5604
70,No-V2X,No-V2X_2000pcu_h,124,138.47,13.37,40,0,21,0.0,0.0,0.6378
70,No-V2X,No-V2X_2800pcu_h,161,140.14,15.24,53,0,29,0.0,0.0,0.5341
70,No-V2X,No-V2X_2800pcu_h,167,144.06,19.64,56,0,30,0.0,0.0,0.5688
70,No-V2X,No-V2X_2800pcu_h,168,143.66,18.87,64,0,33,0.0,0.0,0.5889
70,No-V2X,No-V2X_3600pcu_h,211,150.93,25.64,84,0,41,0.0,0.0,0.4423
70,No-V2X,No-V2X_3600pcu_h,215,142.43,18.19,81,0,38,0.0,0.0,0.5289
70,No-V2X,No-V2X_3600pcu_h,169,155.92,31.75,108,0,37,0.0,0.0,0.3989
70,DRL (PPO),DRL_PPO_1200pcu_h,75,134.36,7.75,18,0,11,0.0,0.0,0.7124
70,DRL (PPO),DRL_PPO_1200pcu_h,77,128.67,3.93,30,0,11,0.0,0.0,0.7209
70,DRL (PPO),DRL_PPO_1200pcu_h,72,133.59,8.86,20,0,10,0.0,0.0,0.6699
70,DRL (PPO),DRL_PPO_2000pcu_h,127,134.18,9.43,31,0,19,0.0,0.0,0.5741
70,DRL (PPO),DRL_PPO_2000pcu_h,127,134.48,10.01,42,0,19,0.0,0.0,0.5634
70,DRL (PPO),DRL_PPO_2000pcu_h,112,142.09,17.42,43,0,22,0.0,0.0,0.5298
70,DRL (PPO),DRL_PPO_2800pcu_h,159,143.05,18.12,39,0,32,0.0,0.0,0.5664
70,DRL (PPO),DRL_PPO_2800pcu_h,164,140.36,15.95,47,0,29,0.0,0.0,0.5283
70,DRL (PPO),DRL_PPO_2800pcu_h,152,150.42,26.02,58,0,33,0.0,0.0,0.4432
70,DRL (PPO),DRL_PPO_3600pcu_h,214,148.44,23.42,61,0,38,0.0,0.0,0.4192
70,DRL (PPO),DRL_PPO_3600pcu_h,207,144.09,19.95,54,0,42,0.0,0.0,0.516
70,DRL (PPO),DRL_PPO_3600pcu_h,184,163.69,39.23,62,2,39,0.0,0.0,0.4332
100,Game (Ours),Game_Ours_1200pcu_h,74,134.84,3.04,47,0,9,0.0,0.0,0.8783
100,Game (Ours),Game_Ours_1200pcu_h,75,132.9,2.62,41,0,9,0.0,0.0,0.9
100,Game (Ours),Game_Ours_1200pcu_h,76,133.37,2.33,37,0,8,0.0,0.0,0.8106
100,Game (Ours),Game_Ours_2000pcu_h,128,135.61,5.38,69,2,15,0.0,0.0,0.7061
100,Game (Ours),Game_Ours_2000pcu_h,128,134.17,4.44,80,0,13,0.0,0.0,0.6367
100,Game (Ours),Game_Ours_2000pcu_h,125,135.16,4.56,62,0,11,0.0,0.0,0.6511
100,Game (Ours),Game_Ours_2800pcu_h,167,137.58,7.66,127,2,17,0.0,0.0,0.5705
100,Game (Ours),Game_Ours_2800pcu_h,172,136.97,7.45,147,0,19,0.0,0.0,0.5447
100,Game (Ours),Game_Ours_2800pcu_h,177,137.79,7.76,119,0,18,0.0,0.0,0.5242
100,Game (Ours),Game_Ours_3600pcu_h,214,143.71,13.6,188,2,20,0.0,0.0,0.4311
100,Game (Ours),Game_Ours_3600pcu_h,219,140.02,10.63,158,0,27,0.0,0.0,0.4354
100,Game (Ours),Game_Ours_3600pcu_h,220,142.08,12.18,183,0,21,0.0,0.0,0.4296
100,SUMO Default,SUMO_Default_1200pcu_h,61,149.45,20.0,0,0,10,16.6595,0.5673,0.6792
100,SUMO Default,SUMO_Default_1200pcu_h,61,149.45,20.0,0,0,10,16.6595,0.5673,0.6792
100,SUMO Default,SUMO_Default_1200pcu_h,61,149.45,20.0,0,0,10,16.6595,0.5673,0.6792
100,SUMO Default,SUMO_Default_2000pcu_h,35,138.83,9.75,0,0,54,14.9422,0.2971,0.7567
100,SUMO Default,SUMO_Default_2000pcu_h,35,138.83,9.75,0,0,54,14.9422,0.2971,0.7567
100,SUMO Default,SUMO_Default_2000pcu_h,35,138.83,9.75,0,0,54,14.9422,0.2971,0.7567
100,SUMO Default,SUMO_Default_2800pcu_h,41,137.69,9.42,0,2,72,14.9571,0.2672,0.5166
100,SUMO Default,SUMO_Default_2800pcu_h,41,137.69,9.42,0,2,72,14.9571,0.2672,0.5166
100,SUMO Default,SUMO_Default_2800pcu_h,41,137.69,9.42,0,2,72,14.9571,0.2672,0.5166
100,SUMO Default,SUMO_Default_3600pcu_h,57,161.82,33.95,0,0,92,16.5645,0.2957,0.4053
100,SUMO Default,SUMO_Default_3600pcu_h,57,161.82,33.95,0,0,92,16.5645,0.2957,0.4053
100,SUMO Default,SUMO_Default_3600pcu_h,57,161.82,33.95,0,0,92,16.5645,0.2957,0.4053
100,Rule-Based,Rule-Based_1200pcu_h,40,122.0,1.42,75,12,8,0.0031,0.0095,1.0931
100,Rule-Based,Rule-Based_1200pcu_h,39,122.06,1.61,75,12,8,0.0033,0.0095,1.1075
100,Rule-Based,Rule-Based_1200pcu_h,39,121.8,1.35,75,12,8,0.0031,0.0089,1.1311
100,Rule-Based,Rule-Based_2000pcu_h,116,127.64,3.02,140,0,12,0.0535,0.0239,0.6769
100,Rule-Based,Rule-Based_2000pcu_h,127,127.93,3.16,125,0,12,0.0194,0.0236,0.6483
100,Rule-Based,Rule-Based_2000pcu_h,127,127.86,3.09,125,0,12,0.0194,0.0236,0.646
100,Rule-Based,Rule-Based_2800pcu_h,92,126.17,5.03,223,8,17,0.0422,0.011,0.6357
100,Rule-Based,Rule-Based_2800pcu_h,92,126.23,5.08,241,8,16,0.0462,0.0133,0.6311
100,Rule-Based,Rule-Based_2800pcu_h,149,116.41,5.37,199,6,15,1.1009,0.0441,0.5749
100,Rule-Based,Rule-Based_3600pcu_h,95,132.3,6.33,404,2,28,0.2154,0.0197,0.5345
100,Rule-Based,Rule-Based_3600pcu_h,92,132.3,6.08,427,20,29,0.2081,0.0197,0.5432
100,Rule-Based,Rule-Based_3600pcu_h,100,130.38,6.42,403,6,31,0.0935,0.0097,0.5563
100,No-V2X,No-V2X_1200pcu_h,74,134.88,3.08,33,0,10,0.0,0.0,0.8766
100,No-V2X,No-V2X_1200pcu_h,75,132.61,2.33,42,0,13,0.0,0.0,0.9783
100,No-V2X,No-V2X_1200pcu_h,76,133.16,2.12,28,0,9,0.0,0.0,0.8501
100,No-V2X,No-V2X_2000pcu_h,128,135.47,5.24,45,2,17,0.0,0.0,0.7076
100,No-V2X,No-V2X_2000pcu_h,127,134.73,5.06,59,0,20,0.0,0.0,0.6968
100,No-V2X,No-V2X_2000pcu_h,126,135.13,4.57,52,0,16,0.0,0.0,0.6739
100,No-V2X,No-V2X_2800pcu_h,165,138.48,8.63,102,2,27,0.0,0.0,0.5943
100,No-V2X,No-V2X_2800pcu_h,171,137.41,7.86,106,0,27,0.0,0.0,0.6321
100,No-V2X,No-V2X_2800pcu_h,175,137.81,7.79,82,0,24,0.0,0.0,0.5337
100,No-V2X,No-V2X_3600pcu_h,207,144.97,14.92,122,2,41,0.0,0.0,0.5322
100,No-V2X,No-V2X_3600pcu_h,213,140.15,10.78,149,0,38,0.0,0.0,0.4977
100,No-V2X,No-V2X_3600pcu_h,219,141.21,11.2,127,0,31,0.0,0.0,0.469
100,DRL (PPO),DRL_PPO_1200pcu_h,74,135.39,3.58,28,0,10,0.0,0.0,0.8247
100,DRL (PPO),DRL_PPO_1200pcu_h,75,132.94,2.66,35,0,11,0.0,0.0,0.9051
100,DRL (PPO),DRL_PPO_1200pcu_h,76,133.26,2.21,27,0,9,0.0,0.0,0.8387
100,DRL (PPO),DRL_PPO_2000pcu_h,126,136.67,6.37,40,2,17,0.0,0.0,0.6947
100,DRL (PPO),DRL_PPO_2000pcu_h,126,135.16,5.45,50,0,17,0.0,0.0,0.6613
100,DRL (PPO),DRL_PPO_2000pcu_h,125,135.94,5.34,46,2,16,0.0,0.0,0.6529
100,DRL (PPO),DRL_PPO_2800pcu_h,164,140.49,10.54,51,2,27,0.0,0.0,0.5785
100,DRL (PPO),DRL_PPO_2800pcu_h,168,139.18,9.78,79,2,32,0.0,0.0,0.6579
100,DRL (PPO),DRL_PPO_2800pcu_h,173,138.98,8.94,60,0,26,0.0,0.0,0.5797
100,DRL (PPO),DRL_PPO_3600pcu_h,204,146.11,16.13,83,6,42,0.0,0.0,0.5034
100,DRL (PPO),DRL_PPO_3600pcu_h,205,143.42,14.23,80,0,41,0.0,0.0,0.4823
100,DRL (PPO),DRL_PPO_3600pcu_h,205,143.73,13.82,75,0,39,0.0,0.0,0.4792
